{
  "count": 47,
  "xml_wellformed_rate": 0.0,
  "xsd_valid_rate": 0.0,
  "exact_match": 0.0,
  "perplexity": 1.6041730660311906,
  "bleu": 35.40342786590446,
  "rougeL_f1": 0.5718599727338939,
  "chrfpp": 0.5641825548365402,
  "meteor": 0.49391639549497285,
  "bertscore_f1": 0.0,
  "slot_precision": 0.0,
  "slot_recall": 0.0,
  "slot_f1": 0.0,
  "slot_accuracy": 1.0,
  "edit_similarity": 0.4677189665265405,
  "jaccard_xml_tags": 1.0,
  "length_ratio_avg": 0.9620609845912782,
  "avg_generation_time_s": 20.19447415940305,
  "throughput_scen_per_s": 0.04951849659994118,
  "avg_gpu_util_percent": null,
  "avg_vram_gb": 7.7344476160000015,
  "avg_ram_gb": 1.672438370042553
}