{
  "count": 47,
  "xml_wellformed_rate": 1.0,
  "xsd_valid_rate": 1.0,
  "exact_match": 0.0,
  "perplexity": 1.1198092737853291,
  "bleu": 97.66164974962632,
  "rougeL_f1": 0.9689146753177461,
  "chrfpp": 0.9738557056215457,
  "meteor": 0.9889517501992738,
  "bertscore_f1": 0.0,
  "slot_precision": 1.0,
  "slot_recall": 1.0,
  "slot_f1": 1.0,
  "slot_accuracy": 1.0,
  "edit_similarity": 0.9855444527096244,
  "jaccard_xml_tags": 1.0,
  "length_ratio_avg": 0.9976316163419006,
  "avg_generation_time_s": 265.8060230600073,
  "throughput_scen_per_s": 0.003762141987934728,
  "avg_gpu_util_percent": null,
  "avg_vram_gb": 7.734251008,
  "avg_ram_gb": 1.6748485610212764
}