{
  "count": 47,
  "xml_wellformed_rate": 0.0,
  "xsd_valid_rate": 0.0,
  "exact_match": 0.0,
  "perplexity": 1.609407256333299,
  "bleu": 34.566735449985124,
  "rougeL_f1": 0.5682824279497412,
  "chrfpp": 0.5545226317578061,
  "meteor": 0.4861058728524098,
  "bertscore_f1": 0.0,
  "slot_precision": 0.0,
  "slot_recall": 0.0,
  "slot_f1": 0.0,
  "slot_accuracy": 1.0,
  "edit_similarity": 0.4634310121917898,
  "jaccard_xml_tags": 1.0,
  "length_ratio_avg": 0.9575484906476524,
  "avg_generation_time_s": 20.786255456031636,
  "throughput_scen_per_s": 0.04810871309242116,
  "avg_gpu_util_percent": null,
  "avg_vram_gb": 7.7344476160000015,
  "avg_ram_gb": 1.713229301106383
}